coin,volatility
popcat,10.414657632219384
mog-coin,9.36528416378496
brett,9.259358717826379
bonk,8.053951329113373
dogwifcoin,7.595578240010133
pepe,7.238774133363133
book-of-meme,6.689025520206889
floki,6.285999369136573
dogecoin,5.863676444408179
shiba-inu,5.192871438215287
